Workbook

Sheet Model
A1: class LeagueSeason(models.Model):
A2: name = models.CharField(max_length=200,null=True, blank=True)
A4: def __str__(self):
A5: return self.name
A7: class LeagueEvent(models.Model):
A8: leagueseason = models.ForeignKey(LeagueSeason, on_delete=models.RESTRICT)
A9: event_date = models.DateField(null=True, blank=True)
A10: event_golf_course = models.CharField(max_length=200,null=True, blank=True)
A11: event_status = models.CharField(max_length=1,null=True, blank=True, choices=[("N","Not Started"),("C","Completed"),("R","Rainout")])
A13: def __str__(self):
A14: """String for representing the Model object."""
A15: return f'{str(self.event_date) + " " + self.event_golf_course }'
... A55: coconut_pts = models.IntegerField()

Sheet Steps
A1: steps
A2: 1 | B2: create seasons | C2: done
A3: 2 | B3: create events | C3: done
A4: 3 | B4: create leagueplayers | C4: done
A5: 4 | B5: create initial handicaps from 2022 | C5: done
A6: 5 | B6: past event load
A7: 5a | B7: create new handicap object for each player - effective just before event | C7: done
A8: 5b | B8: create eventplayer object | C8: done
A9: 5c | B9: create playedround object - link to handicap created above and golfer created above
B10: create post round handicap object

Sheet league_seasons
A1: Leagueseason
A2: 2024
A3: 2023

Sheet league_events
A1: Date | B1: Leagueseason | C1: event_date | D1: event_golf_course | E1: event_status
A2: 44945 | B2: 2023 | C2: 44945 | D2: Orchid Country Club | E2: C
A3: 44980 | B3: 2023 | C3: 44980 | D3: Orchid Country Club | E3: C
A4: 45001 | B4: 2023 | C4: 45001 | D4: Orchid Country Club | E4: C
A5: 45029 | B5: 2023 | C5: 45029 | D5: Orchid Country Club | E5: C
A6: 45050 | B6: 2023 | C6: 45050 | D6: Orchid Country Club | E6: R
A7: 45099 | B7: 2023 | C7: 45099 | D7: Orchid Country Club | E7: C
A8: 45120 | B8: 2023 | C8: 45120 | D8: Orchid Country Club | E8: C
A9: 45141 | B9: 2023 | C9: 45141 | D9: Orchid Country Club | E9: C
A10: 45183 | B10: 2023 | C10: 45183 | D10: Orchid Country Club | E10: C
A11: 45218 | B11: 2023 | C11: 45218 | D11: Orchid Country Club | E11: C
A12: 45253 | B12: 2023 | C12: 45253 | D12: Orchid Country Club | E12: R
A13: 45266 | B13: 2023 | C13: 45266 | D13: Keppel Sime | E13: C
... A20: 45499 | B20: 2024 | C20: 45499 | D20: Keppel Sime | E20: N

Sheet league_players
A1: Name | B1: corrected | C1: first name | D1: last name | E1: gender
A2: Ed Mills | B2: Edward Mills | C2: Edward | D2: Mills | E2: M
A3: Edward Mills | B3: Edward Mills | C3: Edward | D3: Mills | E3: M
A4: Eric Sears | B4: Eric Sears | C4: Eric | D4: Sears | E4: M
A5: Erik Sears | B5: Eric Sears | C5: Eric | D5: Sears | E5: M
A6: James Caik | B6: James Craik | C6: James | D6: Craik | E6: M
A7: James Craik | B7: James Craik | C7: James | D7: Craik | E7: M
A8: Jonathan Miles | B8: Jono Miles | C8: Jono | D8: Miles | E8: M
A9: Jono Miles | B9: Jono Miles | C9: Jono | D9: Miles | E9: M
A10: Abdel El Ferdi | B10: Abdel El Ferdi | C10: Abdel | D10: El Ferdi | E10: M
A11: Adam Maccanti | B11: Adam Maccanti | C11: Adam | D11: Maccanti | E11: M
A12: Adrian Griffiths | B12: Adrian Griffiths | C12: Adrian | D12: Griffiths | E12: M
... A212: Yean Chong | B212: Yean Chong | C212: Yean | D212: Chong | E212: M
A213: Noel Reddy | C213: Noel | D213: Reddy | E213: M
A214: Vikram Bhalla | C214: Vikram | D214: Bhalia | E214: M
A215: Mon Kongpatep | C215: Mon | D215: Kongpatep | E215: F
A216: Burke Hilder | C216: Burke | D216: Hilder | E216: F
A217: Adam Grabow | C217: Adam | D217: Grabow | E217: M
A218: Russell Toop | C218: Russell | D218: Toop | E218: M
A219: Pat Foley | C219: Pat | D219: Foley | E219: M
A220: Frits Scholte | C220: Frits | D220: Schoite | E220: M
A221: Joseph Duronio | C221: Joseph | D221: Duronio | E221: M

Sheet initial_handicaps
A1: orig name | B1: handicap | C1: effective_at | D1: league_player_first name | E1: league_player_last_name | F1: handicap | G1: update_user | H1: update golf | I1: update comment
A2: Julien Blain | B2: 13.5 | C2: 44927 | D2: =INDEX(league_players!C:C,MATCH($A2,league_players!$A:$A,0)) -> Julien | E2: =INDEX(league_players!D:D,MATCH($A2,league_players!$A:$A,0)) -> Blain | F2: =B2 -> 13.5 | G2: rob springett | I2: year end 2022 hdcp
A3: Rob Springett | B3: 4.5 | C3: 44927 | D3: =INDEX(league_players!C:C,MATCH(A3,league_players!A:A,0)) -> Rob | E3: =INDEX(league_players!D:D,MATCH($A3,league_players!$A:$A,0)) -> Springett | F3: =B3 -> 4.5 | G3: rob springett | I3: year end 2022 hdcp
A4: Guillaume Augustin | B4: 10.5 | C4: 44927 | D4: =INDEX(league_players!C:C,MATCH(A4,league_players!A:A,0)) -> Guillaume | E4: =INDEX(league_players!D:D,MATCH($A4,league_players!$A:$A,0)) -> Augustin | F4: =B4 -> 10.5 | G4: rob springett | I4: year end 2022 hdcp
A5: Richard Cogswell | B5: 21.5 | C5: 44927 | D5: =INDEX(league_players!C:C,MATCH(A5,league_players!A:A,0)) -> Richard | E5: =INDEX(league_players!D:D,MATCH($A5,league_players!$A:$A,0)) -> Cogswell | F5: =B5 -> 21.5 | G5: rob springett | I5: year end 2022 hdcp
A6: Remco Schenk | B6: 15.5 | C6: 44927 | D6: =INDEX(league_players!C:C,MATCH(A6,league_players!A:A,0)) -> Remco | E6: =INDEX(league_players!D:D,MATCH($A6,league_players!$A:$A,0)) -> Schenk | F6: =B6 -> 15.5 | G6: rob springett | I6: year end 2022 hdcp
A7: Daniel Lawrence | B7: 21.5 | C7: 44927 | D7: =INDEX(league_players!C:C,MATCH(A7,league_players!A:A,0)) -> Daniel | E7: =INDEX(league_players!D:D,MATCH($A7,league_players!$A:$A,0)) -> Lawrence | F7: =B7 -> 21.5 | G7: rob springett | I7: year end 2022 hdcp
A8: Kenneth Cheung | B8: 19 | C8: 44927 | D8: =INDEX(league_players!C:C,MATCH(A8,league_players!A:A,0)) -> Kenneth | E8: =INDEX(league_players!D:D,MATCH($A8,league_players!$A:$A,0)) -> Cheung | F8: =B8 -> 19 | G8: rob springett | I8: year end 2022 hdcp
A9: Chris Dunham | B9: 12.5 | C9: 44927 | D9: =INDEX(league_players!C:C,MATCH(A9,league_players!A:A,0)) -> Chris | E9: =INDEX(league_players!D:D,MATCH($A9,league_players!$A:$A,0)) -> Dunham | F9: =B9 -> 12.5 | G9: rob springett | I9: year end 2022 hdcp
A10: Marco Attilio | B10: 15 | C10: 44927 | D10: =INDEX(league_players!C:C,MATCH(A10,league_players!A:A,0)) -> Marco | E10: =INDEX(league_players!D:D,MATCH($A10,league_players!$A:$A,0)) -> Attilio | F10: =B10 -> 15 | G10: rob springett | I10: year end 2022 hdcp
A11: Steve McCole | B11: 24 | C11: 44927 | D11: =INDEX(league_players!C:C,MATCH(A11,league_players!A:A,0)) -> Steve | E11: =INDEX(league_players!D:D,MATCH($A11,league_players!$A:$A,0)) -> McCole | F11: =B11 -> 24 | G11: rob springett | I11: year end 2022 hdcp
A12: Andrea Sbalchiero | B12: 23.5 | C12: 44927 | D12: =INDEX(league_players!C:C,MATCH(A12,league_players!A:A,0)) -> Andrea | E12: =INDEX(league_players!D:D,MATCH($A12,league_players!$A:$A,0)) -> Sbalchiero | F12: =B12 -> 23.5 | G12: rob springett | I12: year end 2022 hdcp
A13: John Heming | B13: 0 | C13: 44927 | D13: =INDEX(league_players!C:C,MATCH(A13,league_players!A:A,0)) -> John | E13: =INDEX(league_players!D:D,MATCH($A13,league_players!$A:$A,0)) -> Heming | F13: =B13 -> 0 | G13: rob springett | I13: year end 2022 hdcp
A14: Alex Thanopoulos | B14: 17 | C14: 44927 | D14: =INDEX(league_players!C:C,MATCH(A14,league_players!A:A,0)) -> Alex | E14: =INDEX(league_players!D:D,MATCH($A14,league_players!$A:$A,0)) -> Thanopoulos | F14: =B14 -> 17 | G14: rob springett | I14: year end 2022 hdcp
... A136: Shu Liu | B136: 28 | C136: 44927 | D136: =INDEX(league_players!C:C,MATCH(A136,league_players!A:A,0)) -> Shu | E136: =INDEX(league_players!D:D,MATCH($A136,league_players!$A:$A,0)) -> Liu | F136: =B136 -> 28 | G136: rob springett | I136: year end 2022 hdcp

Sheet EventPlayer
A1: golfer | B1: league_event | C1: new_player_flag | F1: class EventPlayer(models.Model):
A2: name | B2: event | C2: new player (yn) | F2: user_id = models.ForeignKey(LeaguePlayer,on_delete=models.RESTRICT)
F3: league_event_id = models.ForeignKey(LeagueEvent, on_delete=models.RESTRICT, null=False)
F4: new_player = models.BooleanField(default=False)

Sheet Played_Round
A1: Name | B1: Hdcp | C1: Net score to par | D1: Net Score | E1: Gross Score | F1: Update to handicap | G1: New Handicap | H1: Coconut Cup Points | I1: new player | J1: excel tab | K1: event date | L1: first_name | M1: last_name | N1: handicap_eff | O1: post_round_eff
A2: Guillaume Augustin | B2: 10.5 | C2: 0 | D2: 73 | E2: 84 | F2: 0 | G2: 10.5 | H2: 35 | I2: N | J2: 44927 | K2: 44945 | L2: =INDEX(league_players!C:C,MATCH($A2,league_players!$A:$A,0)) -> Guillaume | M2: =INDEX(league_players!D:D,MATCH($A2,league_players!$A:$A,0)) -> Augustin | N2: 44944 | O2: =K2+1 -> 44946
A3: Jonty Richardson | B3: 12 | C3: -1 | D3: 72 | E3: 84 | F3: -0.5 | G3: 11.5 | H3: 50 | I3: N | J3: 44927 | K3: 44945 | L3: =INDEX(league_players!C:C,MATCH($A3,league_players!$A:$A,0)) -> Jonty | M3: =INDEX(league_players!D:D,MATCH($A3,league_players!$A:$A,0)) -> Richardson | N3: 44944 | O3: =K3+1 -> 44946
A4: Remco Schenk | B4: 15.5 | C4: -4 | D4: 69 | E4: 85 | F4: -2 | G4: 13.5 | H4: 95 | I4: N | J4: 44927 | K4: 44945 | L4: =INDEX(league_players!C:C,MATCH($A4,league_players!$A:$A,0)) -> Remco | M4: =INDEX(league_players!D:D,MATCH($A4,league_players!$A:$A,0)) -> Schenk | N4: 44944 | O4: =K4+1 -> 44946
A5: Chris Dunham | B5: 12.5 | C5: 2 | D5: 75 | E5: 88 | F5: 1 | G5: 13.5 | H5: 15 | I5: N | J5: 44927 | K5: 44945 | L5: =INDEX(league_players!C:C,MATCH($A5,league_players!$A:$A,0)) -> Chris | M5: =INDEX(league_players!D:D,MATCH($A5,league_players!$A:$A,0)) -> Dunham | N5: 44944 | O5: =K5+1 -> 44946
A6: Kenneth Cheung | B6: 19 | C6: -4 | D6: 69 | E6: 88 | F6: -2 | G6: 17 | H6: 95 | I6: N | J6: 44927 | K6: 44945 | L6: =INDEX(league_players!C:C,MATCH($A6,league_players!$A:$A,0)) -> Kenneth | M6: =INDEX(league_players!D:D,MATCH($A6,league_players!$A:$A,0)) -> Cheung | N6: 44944 | O6: =K6+1 -> 44946
A7: Robert Jan Dettmeijer | B7: 15 | C7: 0 | D7: 73 | E7: 88 | F7: 0 | G7: 15 | H7: 5 | I7: Y | J7: 44927 | K7: 44945 | L7: =INDEX(league_players!C:C,MATCH($A7,league_players!$A:$A,0)) -> Robert | M7: =INDEX(league_players!D:D,MATCH($A7,league_players!$A:$A,0)) -> Jan Dettmeijer | N7: 44944 | O7: =K7+1 -> 44946
A8: Marc Westgate | B8: 17.5 | C8: -2 | D8: 71 | E8: 89 | F8: -1 | G8: 16.5 | H8: 65 | I8: N | J8: 44927 | K8: 44945 | L8: =INDEX(league_players!C:C,MATCH($A8,league_players!$A:$A,0)) -> Marc | M8: =INDEX(league_players!D:D,MATCH($A8,league_players!$A:$A,0)) -> Westgate | N8: 44944 | O8: =K8+1 -> 44946
A9: Richard Cogswell | B9: 21.5 | C9: -3 | D9: 70 | E9: 92 | F9: -1.5 | G9: 20 | H9: 80 | I9: N | J9: 44927 | K9: 44945 | L9: =INDEX(league_players!C:C,MATCH($A9,league_players!$A:$A,0)) -> Richard | M9: =INDEX(league_players!D:D,MATCH($A9,league_players!$A:$A,0)) -> Cogswell | N9: 44944 | O9: =K9+1 -> 44946
A10: Julien Blain | B10: 13.5 | C10: 6 | D10: 79 | E10: 93 | F10: 1 | G10: 14.5 | H10: 5 | I10: N | J10: 44927 | K10: 44945 | L10: =INDEX(league_players!C:C,MATCH($A10,league_players!$A:$A,0)) -> Julien | M10: =INDEX(league_players!D:D,MATCH($A10,league_players!$A:$A,0)) -> Blain | N10: 44944 | O10: =K10+1 -> 44946
A11: Nic Kopitsis | B11: 18.5 | C11: 2 | D11: 75 | E11: 94 | F11: 1 | G11: 19.5 | H11: 15 | I11: N | J11: 44927 | K11: 44945 | L11: =INDEX(league_players!C:C,MATCH($A11,league_players!$A:$A,0)) -> Nic | M11: =INDEX(league_players!D:D,MATCH($A11,league_players!$A:$A,0)) -> Kopitsis | N11: 44944 | O11: =K11+1 -> 44946
A12: Steve McCole | B12: 24 | C12: -2 | D12: 71 | E12: 95 | F12: -1 | G12: 23 | H12: 65 | I12: N | J12: 44927 | K12: 44945 | L12: =INDEX(league_players!C:C,MATCH($A12,league_players!$A:$A,0)) -> Steve | M12: =INDEX(league_players!D:D,MATCH($A12,league_players!$A:$A,0)) -> McCole | N12: 44944 | O12: =K12+1 -> 44946
A13: Andrea Sbalchiero | B13: 23.5 | C13: 0 | D13: 73 | E13: 97 | F13: 0 | G13: 23.5 | H13: 35 | I13: N | J13: 44927 | K13: 44945 | L13: =INDEX(league_players!C:C,MATCH($A13,league_players!$A:$A,0)) -> Andrea | M13: =INDEX(league_players!D:D,MATCH($A13,league_players!$A:$A,0)) -> Sbalchiero | N13: 44944 | O13: =K13+1 -> 44946
... A250: Steve Masternak | B250: 25 | C250: 33 | D250: 104 | E250: 129 | F250: 0 | G250: 25 | H250: 5 | I250: Y | J250: 45352 | K250: 45373 | L250: =INDEX(league_players!C:C,MATCH($A250,league_players!$A:$A,0)) -> Steve | M250: =INDEX(league_players!D:D,MATCH($A250,league_players!$A:$A,0)) -> Masternak | N250: 45372 | O250: =K250+1 -> 45374

Sheet may
A1: Name | B1: Hdcp | C1: Net score to par | D1: Net Score | E1: Gross Score | F1: Update to handicap | G1: New Handicap | H1: Coconut Cup Points | I1: new player | J1: date | K1: firstname | L1: lastname
A2: Jason Pae | B2: 24.5 | C2: -4 | D2: 92.5 | E2: 68 | F2: -2 | G2: 22.5 | H2: 100 | I2: N | J2: 45443 | K2: =INDEX(league_players!C:C,MATCH(may!A2,league_players!A:A,0)) -> Jason | L2: =INDEX(league_players!D:D,MATCH(may!A2,league_players!A:A,0)) -> Pae | M2: =MATCH(A2,league_players!A:A,0) -> 96
A3: Richard Cogswell | B3: 19 | C3: -3 | D3: 88 | E3: 69 | F3: -1.5 | G3: 17.5 | H3: 85 | I3: N | J3: 45443 | K3: =INDEX(league_players!C:C,MATCH(may!A3,league_players!A:A,0)) -> Richard | L3: =INDEX(league_players!D:D,MATCH(may!A3,league_players!A:A,0)) -> Cogswell | M3: =MATCH(A3,league_players!A:A,0) -> 166
A4: Jack Ellis | B4: 21 | C4: -3 | D4: 90 | E4: 69 | F4: -1.5 | G4: 19.5 | H4: 85 | I4: N | J4: 45443 | K4: =INDEX(league_players!C:C,MATCH(may!A4,league_players!A:A,0)) -> Jack | L4: =INDEX(league_players!D:D,MATCH(may!A4,league_players!A:A,0)) -> Ellis | M4: =MATCH(A4,league_players!A:A,0) -> 91
A5: Elke Biechele | B5: 16 | C5: -2 | D5: 86 | E5: 70 | F5: -1 | G5: 15 | H5: 65 | I5: N | J5: 45443 | K5: =INDEX(league_players!C:C,MATCH(may!A5,league_players!A:A,0)) -> Elke | L5: =INDEX(league_players!D:D,MATCH(may!A5,league_players!A:A,0)) -> Biechele | M5: =MATCH(A5,league_players!A:A,0) -> 66
A6: Luke Boland | B6: 25 | C6: -2 | D6: 95 | E6: 70 | F6: -1 | G6: 24 | H6: 65 | I6: N | J6: 45443 | K6: =INDEX(league_players!C:C,MATCH(may!A6,league_players!A:A,0)) -> Luke | L6: =INDEX(league_players!D:D,MATCH(may!A6,league_players!A:A,0)) -> Boland | M6: =MATCH(A6,league_players!A:A,0) -> 127
A7: Richard Carrick | B7: 21 | C7: -1 | D7: 92 | E7: 71 | F7: -0.5 | G7: 20.5 | H7: 50 | I7: N | J7: 45443 | K7: =INDEX(league_players!C:C,MATCH(may!A7,league_players!A:A,0)) -> Richard | L7: =INDEX(league_players!D:D,MATCH(may!A7,league_players!A:A,0)) -> Carrick | M7: =MATCH(A7,league_players!A:A,0) -> 165
A8: Dominic Morrison | B8: 21 | C8: 0 | D8: 93 | E8: 72 | F8: 0 | G8: 21 | H8: 30 | I8: N | J8: 45443 | K8: =INDEX(league_players!C:C,MATCH(may!A8,league_players!A:A,0)) -> Dominic | L8: =INDEX(league_players!D:D,MATCH(may!A8,league_players!A:A,0)) -> Morrison | M8: =MATCH(A8,league_players!A:A,0) -> 59
A9: Florian Dumas | B9: 15 | C9: 0 | D9: 87 | E9: 72 | F9: 0 | G9: 15 | H9: 30 | I9: N | J9: 45443 | K9: =INDEX(league_players!C:C,MATCH(may!A9,league_players!A:A,0)) -> Florian | L9: =INDEX(league_players!D:D,MATCH(may!A9,league_players!A:A,0)) -> Dumas | M9: =MATCH(A9,league_players!A:A,0) -> 67
A10: Darren Measures | B10: 23.5 | C10: 0 | D10: 95.5 | E10: 72 | F10: 0 | G10: 23.5 | H10: 30 | I10: N | J10: 45443 | K10: =INDEX(league_players!C:C,MATCH(may!A10,league_players!A:A,0)) -> Darren | L10: =INDEX(league_players!D:D,MATCH(may!A10,league_players!A:A,0)) -> Measures | M10: =MATCH(A10,league_players!A:A,0) -> 54
A11: Rob Springett | B11: 4 | C11: 1 | D11: 77 | E11: 73 | F11: 1 | G11: 5 | H11: 10 | I11: N | J11: 45443 | K11: =INDEX(league_players!C:C,MATCH(may!A11,league_players!A:A,0)) -> Rob | L11: =INDEX(league_players!D:D,MATCH(may!A11,league_players!A:A,0)) -> Springett | M11: =MATCH(A11,league_players!A:A,0) -> 168
A12: Jeff Plein | B12: 25 | C12: 1 | D12: 98 | E12: 73 | F12: 0 | G12: 25 | H12: 10 | I12: N | J12: 45443 | K12: =INDEX(league_players!C:C,MATCH(may!A12,league_players!A:A,0)) -> Jeff | L12: =INDEX(league_players!D:D,MATCH(may!A12,league_players!A:A,0)) -> Plein | M12: =MATCH(A12,league_players!A:A,0) -> 100
A13: Noel Reddy | B13: 2 | C13: 3 | D13: 77 | E13: 75 | F13: 1 | G13: 3 | H13: 5 | I13: Y | J13: 45443 | K13: =INDEX(league_players!C:C,MATCH(may!A13,league_players!A:A,0)) -> Noel | L13: =INDEX(league_players!D:D,MATCH(may!A13,league_players!A:A,0)) -> Reddy | M13: =MATCH(A13,league_players!A:A,0) -> 213
... A39: Joseph Duronio | B39: 10 | C39: 49 | D39: 131 | E39: 121 | F39: 1 | G39: 11 | H39: 5 | I39: Y | J39: 45443 | K39: =INDEX(league_players!C:C,MATCH(may!A39,league_players!A:A,0)) -> Joseph | L39: =INDEX(league_players!D:D,MATCH(may!A39,league_players!A:A,0)) -> Duronio | M39: =MATCH(A39,league_players!A:A,0) -> 221

Sheet april
A1: Name | B1: Hdcp | C1: Net score to par | D1: Net Score | E1: Gross Score | F1: Update to handicap | G1: New Handicap | H1: Coconut Cup Points | I1: new player | J1: date | K1: firstname | L1: lastname
A2: Jack Ellis | B2: =INDEX('[1]2024 Cocunut'!B:B,MATCH(A2,'[1]2024 Cocunut'!A:A,0)) -> #N/A | C2: -8 | D2: 64 | E2: 89 | F2: -4 | G2: 21 | H2: 100 | I2: N | J2: 45408 | K2: Jack | L2: Ellis | M2: =MATCH(A2,league_players!A:A,0) -> 91
A3: Elke Biechele | B3: =INDEX('[1]2024 Cocunut'!B:B,MATCH(A3,'[1]2024 Cocunut'!A:A,0)) -> #N/A | C3: -1 | D3: 71 | E3: 88 | F3: -0.5 | G3: 16 | H3: 90 | I3: N | J3: 45408 | K3: Elke | L3: Biechele | M3: =MATCH(A3,league_players!A:A,0) -> 66
A4: Ian Donald | B4: =INDEX('[1]2024 Cocunut'!B:B,MATCH(A4,'[1]2024 Cocunut'!A:A,0)) -> #N/A | C4: 0 | D4: 72 | E4: 76 | F4: 0 | G4: 4 | H4: 80 | I4: N | J4: 45408 | K4: Ian | L4: Donald | M4: =MATCH(A4,league_players!A:A,0) -> 87
A5: Jason Pae | B5: =INDEX('[1]2024 Cocunut'!B:B,MATCH(A5,'[1]2024 Cocunut'!A:A,0)) -> #N/A | C5: 1 | D5: 73 | E5: 97 | F5: 1 | G5: 24.5 | H5: 70 | I5: N | J5: 45408 | K5: Jason | L5: Pae | M5: =MATCH(A5,league_players!A:A,0) -> 96
A6: Florian Dumas | B6: =INDEX('[1]2024 Cocunut'!B:B,MATCH(A6,'[1]2024 Cocunut'!A:A,0)) -> #N/A | C6: 3 | D6: 75 | E6: 89 | F6: 1 | G6: 15 | H6: 55 | I6: N | J6: 45408 | K6: Florian | L6: Dumas | M6: =MATCH(A6,league_players!A:A,0) -> 67
A7: Peter Ang Nielsen | B7: =INDEX('[1]2024 Cocunut'!B:B,MATCH(A7,'[1]2024 Cocunut'!A:A,0)) -> #N/A | C7: 3 | D7: 75 | E7: 97 | F7: 1 | G7: 23 | H7: 55 | I7: N | J7: 45408 | K7: Peter | L7: Ang Nielsen | M7: =MATCH(A7,league_players!A:A,0) -> 154
A8: Jeff Plein | B8: =INDEX('[1]2024 Cocunut'!B:B,MATCH(A8,'[1]2024 Cocunut'!A:A,0)) -> #N/A | C8: 4 | D8: 76 | E8: 101 | F8: 0 | G8: 25 | H8: 40 | I8: N | J8: 45408 | K8: Jeff | L8: Plein | M8: =MATCH(A8,league_players!A:A,0) -> 100
A9: Kelly-Ann McHugh | B9: =INDEX('[1]2024 Cocunut'!B:B,MATCH(A9,'[1]2024 Cocunut'!A:A,0)) -> #N/A | C9: 6 | D9: 78 | E9: 94 | F9: 1 | G9: 17 | H9: 25 | I9: N | J9: 45408 | K9: Kelly-Ann | L9: Mchugh | M9: =MATCH(A9,league_players!A:A,0) -> 116
A10: Richard Carrick | B10: =INDEX('[1]2024 Cocunut'!B:B,MATCH(A10,'[1]2024 Cocunut'!A:A,0)) -> #N/A | C10: 6 | D10: 78 | E10: 98 | F10: 1 | G10: 21 | H10: 25 | I10: N | J10: 45408 | K10: Richard | L10: Carrick | M10: =MATCH(A10,league_players!A:A,0) -> 165
A11: Peter Yung-Hok | B11: =INDEX('[1]2024 Cocunut'!B:B,MATCH(A11,'[1]2024 Cocunut'!A:A,0)) -> #N/A | C11: 8 | D11: 80 | E11: 103 | F11: 1 | G11: 24 | H11: 5 | I11: N | J11: 45408 | K11: Peter | L11: Yung-Hok | M11: =MATCH(A11,league_players!A:A,0) -> 156
A12: John Layburn | B12: =INDEX('[1]2024 Cocunut'!B:B,MATCH(A12,'[1]2024 Cocunut'!A:A,0)) -> #N/A | C12: 8 | D12: 80 | E12: 105 | F12: 0 | G12: 25 | H12: 5 | I12: N | J12: 45408 | K12: John | L12: Layburn | M12: =MATCH(A12,league_players!A:A,0) -> 104
A13: William Nicholls | B13: =INDEX('[1]2024 Cocunut'!B:B,MATCH(A13,'[1]2024 Cocunut'!A:A,0)) -> #N/A | C13: 16 | D13: 88 | E13: 109 | F13: 1 | G13: 22 | H13: 5 | I13: N | J13: 45408 | K13: William | L13: Nicholls | M13: =MATCH(A13,league_players!A:A,0) -> 208
A14: Jane You | B14: 20 | C14: 1 | D14: 73 | E14: 93 | F14: 1 | G14: 21 | H14: 5 | I14: Y | J14: 45408 | K14: Jane | L14: You | M14: =MATCH(A14,league_players!A:A,0) -> 95
A15: Dominic Morrison | B15: 20 | C15: 2 | D15: 74 | E15: 94 | F15: 1 | G15: 21 | H15: 5 | I15: Y | J15: 45408 | K15: Dominic | L15: Morrison | M15: =MATCH(A15,league_players!A:A,0) -> 59
A16: Erik Sears | B16: 25 | C16: 2 | D16: 74 | E16: 99 | F16: 0 | G16: 25 | H16: 5 | I16: Y | J16: 45408 | K16: Eric | L16: Sears | M16: =MATCH(A16,league_players!A:A,0) -> 5
A17: Carter Sunwall | B17: 18 | C17: 7 | D17: 79 | E17: 97 | F17: 1 | G17: 19 | H17: 10 | I17: Y | J17: 45408 | K17: Carter | L17: Sunwall | M17: =MATCH(A17,league_players!A:A,0) -> 38
A18: Douglas Hudson | B18: 15 | C18: 10 | D18: 82 | E18: 97 | F18: 1 | G18: 16 | H18: 5 | I18: Y | J18: 45408 | K18: Douglas | L18: Hudson | M18: =MATCH(A18,league_players!A:A,0) -> 62
A19: Jeong Min Yun | B19: 20 | C19: 13 | D19: 85 | E19: 105 | F19: 1 | G19: 21 | H19: 5 | I19: Y | J19: 45408 | K19: Jeong Min | L19: Yun | M19: =MATCH(A19,league_players!A:A,0) -> 101
